name,path
configuration_panel,F:\MBZUAI UAE\16-IEEE-QTRUSTChain\GitHub\Q-TRUSTChain\qtrustchain_workspace\outputs\tables\configuration_panel.csv
configuration_summary,F:\MBZUAI UAE\16-IEEE-QTRUSTChain\GitHub\Q-TRUSTChain\qtrustchain_workspace\outputs\tables\configuration_summary.csv
endpoint_data,F:\MBZUAI UAE\16-IEEE-QTRUSTChain\GitHub\Q-TRUSTChain\qtrustchain_workspace\outputs\data\endpoint_terminals.npz
endpoint_table,F:\MBZUAI UAE\16-IEEE-QTRUSTChain\GitHub\Q-TRUSTChain\qtrustchain_workspace\outputs\tables\endpoint_summary.csv
figure_manifest,F:\MBZUAI UAE\16-IEEE-QTRUSTChain\GitHub\Q-TRUSTChain\qtrustchain_workspace\outputs\tables\figure_manifest.csv
manifest,F:\MBZUAI UAE\16-IEEE-QTRUSTChain\GitHub\Q-TRUSTChain\qtrustchain_workspace\outputs\meta\run_manifest_20260502_183254.json
margin_table,F:\MBZUAI UAE\16-IEEE-QTRUSTChain\GitHub\Q-TRUSTChain\qtrustchain_workspace\outputs\tables\classification_margin_sensitivity.csv
policy_delta_table,F:\MBZUAI UAE\16-IEEE-QTRUSTChain\GitHub\Q-TRUSTChain\qtrustchain_workspace\outputs\tables\policy_deltas.csv
policy_schedule_table,F:\MBZUAI UAE\16-IEEE-QTRUSTChain\GitHub\Q-TRUSTChain\qtrustchain_workspace\outputs\tables\scheduled_policy_design.csv
policy_summary,F:\MBZUAI UAE\16-IEEE-QTRUSTChain\GitHub\Q-TRUSTChain\qtrustchain_workspace\outputs\tables\policy_summary.csv
policy_table,F:\MBZUAI UAE\16-IEEE-QTRUSTChain\GitHub\Q-TRUSTChain\qtrustchain_workspace\outputs\tables\policy_panel.csv
qc_table,F:\MBZUAI UAE\16-IEEE-QTRUSTChain\GitHub\Q-TRUSTChain\qtrustchain_workspace\outputs\tables\grid_quality_control.csv
robustness_table,F:\MBZUAI UAE\16-IEEE-QTRUSTChain\GitHub\Q-TRUSTChain\qtrustchain_workspace\outputs\tables\parameter_robustness_reference_slice.csv
scenario_data,F:\MBZUAI UAE\16-IEEE-QTRUSTChain\GitHub\Q-TRUSTChain\qtrustchain_workspace\outputs\data\scenario_traces.npz
scenario_table,F:\MBZUAI UAE\16-IEEE-QTRUSTChain\GitHub\Q-TRUSTChain\qtrustchain_workspace\outputs\tables\scenario_summary.csv
threshold_table,F:\MBZUAI UAE\16-IEEE-QTRUSTChain\GitHub\Q-TRUSTChain\qtrustchain_workspace\outputs\tables\threshold_estimates.csv
warning_eval,F:\MBZUAI UAE\16-IEEE-QTRUSTChain\GitHub\Q-TRUSTChain\qtrustchain_workspace\outputs\tables\warning_rule_holdout.csv
warning_grid,F:\MBZUAI UAE\16-IEEE-QTRUSTChain\GitHub\Q-TRUSTChain\qtrustchain_workspace\outputs\tables\warning_rule_grid.csv
warning_rule_file,F:\MBZUAI UAE\16-IEEE-QTRUSTChain\GitHub\Q-TRUSTChain\qtrustchain_workspace\outputs\meta\selected_warning_rule.json
